id,value
Manager
Manager.node_0
Manager.node_0.room_0
Manager.node_0.room_0.uid_Rebecca Medina
Manager.node_0.room_0.uid_Carolyn Wood
Manager.node_0.room_0.uid_Deborah Wagner
Manager.node_0.room_1
Manager.node_0.room_1.uid_Virginia Sanchez
Manager.node_0.room_1.uid_Stephanie Howell
Manager.node_0.room_1.uid_Ruby Perkins
Manager.node_0.room_2
Manager.node_0.room_2.uid_Carolyn King
Manager.node_0.room_2.uid_Kenneth Hanson
Manager.node_0.room_2.uid_Melissa Spencer
Manager.node_0.room_3
Manager.node_0.room_3.uid_Jacqueline Martin
Manager.node_0.room_3.uid_Michelle Kelley
Manager.node_0.room_3.uid_Ryan Ruiz
Manager.node_0.room_4
Manager.node_0.room_4.uid_Christina Morrison
Manager.node_0.room_4.uid_Sarah Murphy
Manager.node_0.room_4.uid_Deborah Garcia
Manager.node_0.room_5
Manager.node_0.room_5.uid_Diana Ross
Manager.node_0.room_5.uid_Denise Schmidt
Manager.node_0.room_5.uid_Janice Stevens
Manager.node_0.room_6
Manager.node_0.room_6.uid_Diana Watson
Manager.node_0.room_6.uid_Donna Carpenter
